{"Packages":[{"Package":{"Id":"UiPath.Cognitive.Activities","Version":"2.2.0"},"Assemblies":["C:\\Users\\so_ckhadapk\\.nuget\\packages\\newtonsoft.json/10.0.3\\lib/net45/Newtonsoft.Json.dll","C:\\Users\\so_ckhadapk\\.nuget\\packages\\uipath.cognitive.activities/2.2.0\\lib/net452/UiPath.Cognitive.Activities.Design.dll","C:\\Users\\so_ckhadapk\\.nuget\\packages\\uipath.cognitive.activities/2.2.0\\lib/net452/UiPath.Cognitive.Activities.dll","C:\\Users\\so_ckhadapk\\.nuget\\packages\\uipath.cognitive.activities/2.2.0\\lib/net452/UiPath.Cognitive.dll"]},{"Package":{"Id":"UiPath.Excel.Activities","Version":"2.5.1"},"Assemblies":["C:\\Users\\so_ckhadapk\\.nuget\\packages\\closedxml/0.87.1\\lib/net40/ClosedXML.dll","C:\\Users\\so_ckhadapk\\.nuget\\packages\\csvhelper/2.13.5\\lib/net40-client/CsvHelper.dll","C:\\Users\\so_ckhadapk\\.nuget\\packages\\documentformat.openxml/2.5.0\\lib/DocumentFormat.OpenXml.dll","C:\\Users\\so_ckhadapk\\.nuget\\packages\\microsoft.visualstudio.ole.interop/7.10.6071\\lib/Microsoft.VisualStudio.OLE.Interop.dll","C:\\Users\\so_ckhadapk\\.nuget\\packages\\npoi/2.4.1\\lib/net45/NPOI.OOXML.dll","C:\\Users\\so_ckhadapk\\.nuget\\packages\\npoi/2.4.1\\lib/net45/NPOI.OpenXml4Net.dll","C:\\Users\\so_ckhadapk\\.nuget\\packages\\npoi/2.4.1\\lib/net45/NPOI.OpenXmlFormats.dll","C:\\Users\\so_ckhadapk\\.nuget\\packages\\npoi/2.4.1\\lib/net45/NPOI.dll","C:\\Users\\so_ckhadapk\\.nuget\\packages\\sharpziplib/1.0.0\\lib/net45/ICSharpCode.SharpZipLib.dll","C:\\Users\\so_ckhadapk\\.nuget\\packages\\uipath.excel.activities/2.5.1\\lib/net452/UiPath.Excel.Activities.Design.dll","C:\\Users\\so_ckhadapk\\.nuget\\packages\\uipath.excel.activities/2.5.1\\lib/net452/UiPath.Excel.Activities.dll","C:\\Users\\so_ckhadapk\\.nuget\\packages\\uipath.excel.activities/2.5.1\\lib/net452/UiPath.Excel.dll"]},{"Package":{"Id":"UiPath.IntelligentOCR.Activities","Version":"1.3.0"},"Assemblies":["C:\\Users\\so_ckhadapk\\.nuget\\packages\\aforge/2.2.5\\lib/AForge.dll","C:\\Users\\so_ckhadapk\\.nuget\\packages\\aforge.genetic/2.2.5\\lib/AForge.Genetic.dll","C:\\Users\\so_ckhadapk\\.nuget\\packages\\aforge.imaging/2.2.5\\lib/AForge.Imaging.dll","C:\\Users\\so_ckhadapk\\.nuget\\packages\\aforge.math/2.2.5\\lib/AForge.Math.dll","C:\\Users\\so_ckhadapk\\.nuget\\packages\\aforge.neuro/2.2.5\\lib/AForge.Neuro.dll","C:\\Users\\so_ckhadapk\\.nuget\\packages\\bitmiracle.docotic.pdf/5.2.8369\\lib/net40/BitMiracle.Docotic.Pdf.dll","C:\\Users\\so_ckhadapk\\.nuget\\packages\\csvhelper/2.13.5\\lib/net40-client/CsvHelper.dll","C:\\Users\\so_ckhadapk\\.nuget\\packages\\fsharp.core/4.0.0.1\\lib/net40/FSharp.Core.dll","C:\\Users\\so_ckhadapk\\.nuget\\packages\\ivanakcheurov.ntextcat.lib/0.2.1.1\\lib/net40/IvanAkcheurov.Commons.dll","C:\\Users\\so_ckhadapk\\.nuget\\packages\\ivanakcheurov.ntextcat.lib/0.2.1.1\\lib/net40/IvanAkcheurov.NClassify.dll","C:\\Users\\so_ckhadapk\\.nuget\\packages\\ivanakcheurov.ntextcat.lib/0.2.1.1\\lib/net40/IvanAkcheurov.NTextCat.Lib.dll","C:\\Users\\so_ckhadapk\\.nuget\\packages\\mathnet.numerics/4.5.1\\lib/net461/MathNet.Numerics.dll","C:\\Users\\so_ckhadapk\\.nuget\\packages\\metrics.net/0.5.5\\lib/net45/Metrics.dll","C:\\Users\\so_ckhadapk\\.nuget\\packages\\newtonsoft.json/10.0.3\\lib/net45/Newtonsoft.Json.dll","C:\\Users\\so_ckhadapk\\.nuget\\packages\\numsense/0.12.0\\lib/net45/Ploeh.Numsense.dll","C:\\Users\\so_ckhadapk\\.nuget\\packages\\system.collections.immutable/1.5.0\\lib/netstandard2.0/System.Collections.Immutable.dll","C:\\Users\\so_ckhadapk\\.nuget\\packages\\system.runtime.interopservices.runtimeinformation/4.3.0\\lib/net45/System.Runtime.InteropServices.RuntimeInformation.dll","C:\\Users\\so_ckhadapk\\.nuget\\packages\\system.valuetuple/4.4.0\\lib/net461/System.ValueTuple.dll","C:\\Users\\so_ckhadapk\\.nuget\\packages\\uipath.cefsharpbundle/1.0.0\\lib/net452/CefSharp.BrowserSubprocess.Core.dll","C:\\Users\\so_ckhadapk\\.nuget\\packages\\uipath.cefsharpbundle/1.0.0\\lib/net452/CefSharp.Core.dll","C:\\Users\\so_ckhadapk\\.nuget\\packages\\uipath.cefsharpbundle/1.0.0\\lib/net452/CefSharp.Wpf.dll","C:\\Users\\so_ckhadapk\\.nuget\\packages\\uipath.cefsharpbundle/1.0.0\\lib/net452/CefSharp.dll","C:\\Users\\so_ckhadapk\\.nuget\\packages\\uipath.cefsharpbundle/1.0.0\\lib/net452/UiPath.CEFSharpBundle.dll","C:\\Users\\so_ckhadapk\\.nuget\\packages\\uipath.cefsharpbundle/1.0.0\\lib/net452/chrome_elf.dll","C:\\Users\\so_ckhadapk\\.nuget\\packages\\uipath.cefsharpbundle/1.0.0\\lib/net452/d3dcompiler_47.dll","C:\\Users\\so_ckhadapk\\.nuget\\packages\\uipath.cefsharpbundle/1.0.0\\lib/net452/libEGL.dll","C:\\Users\\so_ckhadapk\\.nuget\\packages\\uipath.cefsharpbundle/1.0.0\\lib/net452/libGLESv2.dll","C:\\Users\\so_ckhadapk\\.nuget\\packages\\uipath.cefsharpbundle/1.0.0\\lib/net452/libcef.dll","C:\\Users\\so_ckhadapk\\.nuget\\packages\\uipath.cefsharpbundle/1.0.0\\lib/net452/msvcp140.dll","C:\\Users\\so_ckhadapk\\.nuget\\packages\\uipath.cefsharpbundle/1.0.0\\lib/net452/swiftshader/libEGL.dll","C:\\Users\\so_ckhadapk\\.nuget\\packages\\uipath.cefsharpbundle/1.0.0\\lib/net452/swiftshader/libGLESv2.dll","C:\\Users\\so_ckhadapk\\.nuget\\packages\\uipath.cefsharpbundle/1.0.0\\lib/net452/vcruntime140.dll","C:\\Users\\so_ckhadapk\\.nuget\\packages\\uipath.intelligentocr.activities/1.3.0\\lib/net452/FCEngine.VisualComponents.dll","C:\\Users\\so_ckhadapk\\.nuget\\packages\\uipath.intelligentocr.activities/1.3.0\\lib/net452/Interop.FCEngine.dll","C:\\Users\\so_ckhadapk\\.nuget\\packages\\uipath.intelligentocr.activities/1.3.0\\lib/net452/UiPath.IntelligentOCR.Activities.Design.dll","C:\\Users\\so_ckhadapk\\.nuget\\packages\\uipath.intelligentocr.activities/1.3.0\\lib/net452/UiPath.IntelligentOCR.Activities.dll","C:\\Users\\so_ckhadapk\\.nuget\\packages\\uipath.intelligentocr.activities/1.3.0\\lib/net452/UiPath.IntelligentOCR.dll","C:\\Users\\so_ckhadapk\\.nuget\\packages\\uipath.intelligentocr.activities/1.3.0\\lib/net452/UiPath.SmartData.Data.dll","C:\\Users\\so_ckhadapk\\.nuget\\packages\\uipath.intelligentocr.activities/1.3.0\\lib/net452/UiPath.SmartData.DataContracts.dll","C:\\Users\\so_ckhadapk\\.nuget\\packages\\uipath.intelligentocr.activities/1.3.0\\lib/net452/UiPath.SmartData.Digitization.dll","C:\\Users\\so_ckhadapk\\.nuget\\packages\\uipath.intelligentocr.activities/1.3.0\\lib/net452/UiPath.SmartData.ImageProcessing.dll","C:\\Users\\so_ckhadapk\\.nuget\\packages\\uipath.intelligentocr.activities/1.3.0\\lib/net452/UiPath.SmartData.Language.dll","C:\\Users\\so_ckhadapk\\.nuget\\packages\\uipath.intelligentocr.activities/1.3.0\\lib/net452/UiPath.SmartData.OCR.dll","C:\\Users\\so_ckhadapk\\.nuget\\packages\\uipath.intelligentocr.activities/1.3.0\\lib/net452/UiPath.SmartData.PDF.dll","C:\\Users\\so_ckhadapk\\.nuget\\packages\\uipath.intelligentocr.activities/1.3.0\\lib/net452/UiPath.SmartData.TableProcessing.dll","C:\\Users\\so_ckhadapk\\.nuget\\packages\\uipath.intelligentocr.activities/1.3.0\\lib/net452/UiPath.SmartData.Utils.dll","C:\\Users\\so_ckhadapk\\.nuget\\packages\\uipath.intelligentocr.activities/1.3.0\\lib/net452/UiPath.SmartData.ValidationStation.Host.Local.dll","C:\\Users\\so_ckhadapk\\.nuget\\packages\\uipath.intelligentocr.activities/1.3.0\\lib/net452/UiPath.SmartData.ValidationStation.Infrastructure.dll","C:\\Users\\so_ckhadapk\\.nuget\\packages\\uipath.intelligentocr.activities/1.3.0\\lib/net452/UiPath.SmartData.ValidationStation.Localization.dll","C:\\Users\\so_ckhadapk\\.nuget\\packages\\uipath.intelligentocr.activities/1.3.0\\lib/net452/UiPath.SmartData.ValidationStation.PDF.Optimization.dll","C:\\Users\\so_ckhadapk\\.nuget\\packages\\uipath.intelligentocr.activities/1.3.0\\lib/net452/UiPath.SmartData.ValidationStation.Storage.dll","C:\\Users\\so_ckhadapk\\.nuget\\packages\\uipath.intelligentocr.activities/1.3.0\\lib/net452/UiPath.SmartData.ValidationStation.ValueParsing.dll","C:\\Users\\so_ckhadapk\\.nuget\\packages\\uipath.intelligentocr.activities/1.3.0\\lib/net452/UiPath.SmartData.ValidationStation.dll","C:\\Users\\so_ckhadapk\\.nuget\\packages\\uipath.vision/1.2.0\\lib/net452/UiPath.NeuralNet.dll","C:\\Users\\so_ckhadapk\\.nuget\\packages\\uipath.vision/1.2.0\\lib/net452/UiPath.Vision.Core.dll","C:\\Users\\so_ckhadapk\\.nuget\\packages\\uipath.vision/1.2.0\\lib/net452/UiPath.Vision.Package.dll","C:\\Users\\so_ckhadapk\\.nuget\\packages\\uipath.vision/1.2.0\\lib/net452/UiPath.Vision.dll"]},{"Package":{"Id":"UiPath.Mail.Activities","Version":"1.3.0"},"Assemblies":["C:\\Users\\so_ckhadapk\\.nuget\\packages\\bouncycastle/1.8.1\\lib/BouncyCastle.Crypto.dll","C:\\Users\\so_ckhadapk\\.nuget\\packages\\microsoft.exchange.webservices/2.2.0\\lib/40/Microsoft.Exchange.WebServices.Auth.dll","C:\\Users\\so_ckhadapk\\.nuget\\packages\\microsoft.exchange.webservices/2.2.0\\lib/40/Microsoft.Exchange.WebServices.dll","C:\\Users\\so_ckhadapk\\.nuget\\packages\\uipath.mail.activities/1.3.0\\lib/net452/MailKit.dll","C:\\Users\\so_ckhadapk\\.nuget\\packages\\uipath.mail.activities/1.3.0\\lib/net452/MimeKit.dll","C:\\Users\\so_ckhadapk\\.nuget\\packages\\uipath.mail.activities/1.3.0\\lib/net452/UiPath.Mail.Activities.Design.dll","C:\\Users\\so_ckhadapk\\.nuget\\packages\\uipath.mail.activities/1.3.0\\lib/net452/UiPath.Mail.Activities.dll","C:\\Users\\so_ckhadapk\\.nuget\\packages\\uipath.mail.activities/1.3.0\\lib/net452/UiPath.Mail.dll"]},{"Package":{"Id":"UiPath.PDF.Activities","Version":"1.3.0"},"Assemblies":["C:\\Users\\so_ckhadapk\\.nuget\\packages\\uipath.pdf.activities/1.3.0\\lib/net452/UiPath.PDF.Activities.Design.dll","C:\\Users\\so_ckhadapk\\.nuget\\packages\\uipath.pdf.activities/1.3.0\\lib/net452/UiPath.PDF.Activities.dll","C:\\Users\\so_ckhadapk\\.nuget\\packages\\uipath.pdf.activities/1.3.0\\lib/net452/UiPath.PDF.dll","C:\\Users\\so_ckhadapk\\.nuget\\packages\\uipath.pdf.activities/1.3.0\\lib/net452/x86/pdfium.dll"]},{"Package":{"Id":"UiPath.System.Activities","Version":"18.4.2"},"Assemblies":["C:\\Users\\so_ckhadapk\\.nuget\\packages\\csvhelper/2.13.5\\lib/net40-client/CsvHelper.dll","C:\\Users\\so_ckhadapk\\.nuget\\packages\\microsoft.rest.clientruntime/2.3.10\\lib/net452/Microsoft.Rest.ClientRuntime.dll","C:\\Users\\so_ckhadapk\\.nuget\\packages\\newtonsoft.json/10.0.3\\lib/net45/Newtonsoft.Json.dll","C:\\Users\\so_ckhadapk\\.nuget\\packages\\uipath.system.activities/18.4.2\\lib/net461/ActiproSoftware.Docking.Wpf.dll","C:\\Users\\so_ckhadapk\\.nuget\\packages\\uipath.system.activities/18.4.2\\lib/net461/ActiproSoftware.Ribbon.Wpf.dll","C:\\Users\\so_ckhadapk\\.nuget\\packages\\uipath.system.activities/18.4.2\\lib/net461/ActiproSoftware.Shared.Wpf.dll","C:\\Users\\so_ckhadapk\\.nuget\\packages\\uipath.system.activities/18.4.2\\lib/net461/ActiproSoftware.SyntaxEditor.Addons.DotNet.Wpf.dll","C:\\Users\\so_ckhadapk\\.nuget\\packages\\uipath.system.activities/18.4.2\\lib/net461/ActiproSoftware.SyntaxEditor.Wpf.dll","C:\\Users\\so_ckhadapk\\.nuget\\packages\\uipath.system.activities/18.4.2\\lib/net461/ActiproSoftware.Text.Addons.DotNet.Wpf.dll","C:\\Users\\so_ckhadapk\\.nuget\\packages\\uipath.system.activities/18.4.2\\lib/net461/ActiproSoftware.Text.LLParser.Wpf.dll","C:\\Users\\so_ckhadapk\\.nuget\\packages\\uipath.system.activities/18.4.2\\lib/net461/ActiproSoftware.Text.Wpf.dll","C:\\Users\\so_ckhadapk\\.nuget\\packages\\uipath.system.activities/18.4.2\\lib/net461/ActiproSoftware.Wizard.Wpf.dll","C:\\Users\\so_ckhadapk\\.nuget\\packages\\uipath.system.activities/18.4.2\\lib/net461/UiPath.OrchestratorClient.dll","C:\\Users\\so_ckhadapk\\.nuget\\packages\\uipath.system.activities/18.4.2\\lib/net461/UiPath.System.Activities.Design.dll","C:\\Users\\so_ckhadapk\\.nuget\\packages\\uipath.system.activities/18.4.2\\lib/net461/UiPath.System.Activities.dll"]},{"Package":{"Id":"UiPath.Terminal.Activities","Version":"1.3.0"},"Assemblies":["C:\\Users\\so_ckhadapk\\.nuget\\packages\\fluent.ribbon/3.5.1.198\\lib/net45/Fluent.dll","C:\\Users\\so_ckhadapk\\.nuget\\packages\\fluent.ribbon/3.5.1.198\\lib/net45/System.Windows.Interactivity.dll","C:\\Users\\so_ckhadapk\\.nuget\\packages\\uipath.terminal.activities/1.3.0\\lib/net452/NLog.dll","C:\\Users\\so_ckhadapk\\.nuget\\packages\\uipath.terminal.activities/1.3.0\\lib/net452/Open3270.dll","C:\\Users\\so_ckhadapk\\.nuget\\packages\\uipath.terminal.activities/1.3.0\\lib/net452/UiPath.Terminal.Activities.Design.dll","C:\\Users\\so_ckhadapk\\.nuget\\packages\\uipath.terminal.activities/1.3.0\\lib/net452/UiPath.Terminal.Activities.dll","C:\\Users\\so_ckhadapk\\.nuget\\packages\\uipath.terminal.activities/1.3.0\\lib/net452/UiPath.Terminal.Attachmate.dll","C:\\Users\\so_ckhadapk\\.nuget\\packages\\uipath.terminal.activities/1.3.0\\lib/net452/UiPath.Terminal.AttachmateExtra.dll","C:\\Users\\so_ckhadapk\\.nuget\\packages\\uipath.terminal.activities/1.3.0\\lib/net452/UiPath.Terminal.BlueZone.dll","C:\\Users\\so_ckhadapk\\.nuget\\packages\\uipath.terminal.activities/1.3.0\\lib/net452/UiPath.Terminal.IBM.dll","C:\\Users\\so_ckhadapk\\.nuget\\packages\\uipath.terminal.activities/1.3.0\\lib/net452/UiPath.Terminal.dll"]},{"Package":{"Id":"UiPath.UIAutomation.Activities","Version":"18.4.5"},"Assemblies":["C:\\Users\\so_ckhadapk\\.nuget\\packages\\avalonedit/5.0.3\\lib/Net40/ICSharpCode.AvalonEdit.dll","C:\\Users\\so_ckhadapk\\.nuget\\packages\\caliburn.micro/3.0.1\\lib/net45/Caliburn.Micro.Platform.Core.dll","C:\\Users\\so_ckhadapk\\.nuget\\packages\\caliburn.micro/3.0.1\\lib/net45/Caliburn.Micro.Platform.dll","C:\\Users\\so_ckhadapk\\.nuget\\packages\\caliburn.micro/3.0.1\\lib/net45/System.Windows.Interactivity.dll","C:\\Users\\so_ckhadapk\\.nuget\\packages\\caliburn.micro.core/3.0.1\\lib/net45/Caliburn.Micro.dll","C:\\Users\\so_ckhadapk\\.nuget\\packages\\extended.wpf.toolkit/2.8.0\\lib/net40/Xceed.Wpf.AvalonDock.Themes.Aero.dll","C:\\Users\\so_ckhadapk\\.nuget\\packages\\extended.wpf.toolkit/2.8.0\\lib/net40/Xceed.Wpf.AvalonDock.Themes.Metro.dll","C:\\Users\\so_ckhadapk\\.nuget\\packages\\extended.wpf.toolkit/2.8.0\\lib/net40/Xceed.Wpf.AvalonDock.Themes.VS2010.dll","C:\\Users\\so_ckhadapk\\.nuget\\packages\\extended.wpf.toolkit/2.8.0\\lib/net40/Xceed.Wpf.AvalonDock.dll","C:\\Users\\so_ckhadapk\\.nuget\\packages\\extended.wpf.toolkit/2.8.0\\lib/net40/Xceed.Wpf.DataGrid.dll","C:\\Users\\so_ckhadapk\\.nuget\\packages\\extended.wpf.toolkit/2.8.0\\lib/net40/Xceed.Wpf.Toolkit.dll","C:\\Users\\so_ckhadapk\\.nuget\\packages\\humanizer.core/2.4.2\\lib/netstandard2.0/Humanizer.dll","C:\\Users\\so_ckhadapk\\.nuget\\packages\\uipath/10.0.7020.22745\\lib/UiPath.Interop.dll","C:\\Users\\so_ckhadapk\\.nuget\\packages\\uipath.uiautomation.activities/18.4.5\\lib/net461/ActiproSoftware.Docking.Wpf.dll","C:\\Users\\so_ckhadapk\\.nuget\\packages\\uipath.uiautomation.activities/18.4.5\\lib/net461/ActiproSoftware.Editors.Wpf.dll","C:\\Users\\so_ckhadapk\\.nuget\\packages\\uipath.uiautomation.activities/18.4.5\\lib/net461/ActiproSoftware.Ribbon.Wpf.dll","C:\\Users\\so_ckhadapk\\.nuget\\packages\\uipath.uiautomation.activities/18.4.5\\lib/net461/ActiproSoftware.Shared.Wpf.dll","C:\\Users\\so_ckhadapk\\.nuget\\packages\\uipath.uiautomation.activities/18.4.5\\lib/net461/ActiproSoftware.SyntaxEditor.Addons.DotNet.Wpf.dll","C:\\Users\\so_ckhadapk\\.nuget\\packages\\uipath.uiautomation.activities/18.4.5\\lib/net461/ActiproSoftware.SyntaxEditor.Wpf.dll","C:\\Users\\so_ckhadapk\\.nuget\\packages\\uipath.uiautomation.activities/18.4.5\\lib/net461/ActiproSoftware.Text.Addons.DotNet.Wpf.dll","C:\\Users\\so_ckhadapk\\.nuget\\packages\\uipath.uiautomation.activities/18.4.5\\lib/net461/ActiproSoftware.Text.LLParser.Wpf.dll","C:\\Users\\so_ckhadapk\\.nuget\\packages\\uipath.uiautomation.activities/18.4.5\\lib/net461/ActiproSoftware.Text.Wpf.dll","C:\\Users\\so_ckhadapk\\.nuget\\packages\\uipath.uiautomation.activities/18.4.5\\lib/net461/ActiproSoftware.Wizard.Wpf.dll","C:\\Users\\so_ckhadapk\\.nuget\\packages\\uipath.uiautomation.activities/18.4.5\\lib/net461/UiPath.UIAutomation.Activities.Design.dll","C:\\Users\\so_ckhadapk\\.nuget\\packages\\uipath.uiautomation.activities/18.4.5\\lib/net461/UiPath.UiAutomation.Activities.dll","C:\\Users\\so_ckhadapk\\.nuget\\packages\\uipath.uiautomation.activities/18.4.5\\lib/net461/UiPath.Wizards.dll","C:\\Users\\so_ckhadapk\\.nuget\\packages\\uipath.vision/1.2.0\\lib/net452/UiPath.NeuralNet.dll","C:\\Users\\so_ckhadapk\\.nuget\\packages\\uipath.vision/1.2.0\\lib/net452/UiPath.Vision.Core.dll","C:\\Users\\so_ckhadapk\\.nuget\\packages\\uipath.vision/1.2.0\\lib/net452/UiPath.Vision.Package.dll","C:\\Users\\so_ckhadapk\\.nuget\\packages\\uipath.vision/1.2.0\\lib/net452/UiPath.Vision.dll"]},{"Package":{"Id":"UiPath.WebAPI.Activities","Version":"1.3.0"},"Assemblies":["C:\\Users\\so_ckhadapk\\.nuget\\packages\\avalonedit/5.0.3\\lib/Net40/ICSharpCode.AvalonEdit.dll","C:\\Users\\so_ckhadapk\\.nuget\\packages\\newtonsoft.json/10.0.3\\lib/net45/Newtonsoft.Json.dll","C:\\Users\\so_ckhadapk\\.nuget\\packages\\restsharp/106.3.1\\lib/net452/RestSharp.dll","C:\\Users\\so_ckhadapk\\.nuget\\packages\\uipath.webapi.activities/1.3.0\\lib/net452/UiPath.Web.Activities.Design.dll","C:\\Users\\so_ckhadapk\\.nuget\\packages\\uipath.webapi.activities/1.3.0\\lib/net452/UiPath.Web.Activities.dll","C:\\Users\\so_ckhadapk\\.nuget\\packages\\uipath.webapi.activities/1.3.0\\lib/net452/UiPath.Web.dll"]},{"Package":{"Id":"UiPath.Word.Activities","Version":"1.3.0"},"Assemblies":["C:\\Users\\so_ckhadapk\\.nuget\\packages\\docx/1.0.0.18\\lib/net40/DocX.dll","C:\\Users\\so_ckhadapk\\.nuget\\packages\\uipath.word.activities/1.3.0\\lib/net452/UiPath.Word.Activities.Design.dll","C:\\Users\\so_ckhadapk\\.nuget\\packages\\uipath.word.activities/1.3.0\\lib/net452/UiPath.Word.Activities.dll","C:\\Users\\so_ckhadapk\\.nuget\\packages\\uipath.word.activities/1.3.0\\lib/net452/UiPath.Word.dll"]},{"Package":{"Id":"UiPath.Database.Activities","Version":"1.2.6863.32528"},"Assemblies":["C:\\Users\\so_ckhadapk\\.nuget\\packages\\uipath.database.activities/1.2.6863.32528\\lib/net40-Client/Microsoft.Data.ConnectionUI.Dialog.dll","C:\\Users\\so_ckhadapk\\.nuget\\packages\\uipath.database.activities/1.2.6863.32528\\lib/net40-Client/UiPath.Database.Activities.Design.dll","C:\\Users\\so_ckhadapk\\.nuget\\packages\\uipath.database.activities/1.2.6863.32528\\lib/net40-Client/UiPath.Database.Activities.dll","C:\\Users\\so_ckhadapk\\.nuget\\packages\\uipath.database.activities/1.2.6863.32528\\lib/net40-Client/UiPath.Database.dll"]}],"Conflicts":[]}